Publication Year,,,Open Access Is Oa,,,Primary Topic Id,,,Authorships Institutions Lineage,,,Type,,
name,count,,name,count,,name,count,,name,count,,name,count,
2025,2307,,true,8083,,Geochemistry and Geologic Mapping,901,,Universidade de São Paulo,1335,,article,9893,
2020,2271,,false,4762,,Solar Radiation and Photovoltaics,595,,Universidade Estadual de Campinas (UNICAMP),820,,book-chapter,1308,
2021,2122,,,,,Natural Language Processing Techniques,542,,Universidade Federal de Minas Gerais,734,,preprint,914,
2024,2086,,,,,Linguistic Studies and Language Acquisition,535,,Universidade Federal do Rio de Janeiro,566,,dataset,271,
2023,2081,,,,,Topic Modeling,509,,Universidade Federal de Pernambuco,547,,review,141,
2022,1978,,,,,AI in cancer detection,488,,Universidade Federal do Rio Grande do Sul,513,,dissertation,123,
,,,,,,Semantic Web and Ontologies,466,,Universidade Estadual Paulista (Unesp),431,,book,57,
,,,,,,Quantum Information and Cryptography,446,,Universidade Tecnológica Federal do Paraná,426,,peer-review,54,
,,,,,,Quantum Computing Algorithms and Architecture,431,,Universidade Federal de Santa Catarina,415,,paratext,24,
,,,,,,Neural Networks and Applications,429,,Universidade de Brasília,414,,editorial,16,
,,,,,,Anomaly Detection Techniques and Applications,421,,Pontifícia Universidade Católica do Rio de Janeiro,402,,erratum,14,
,,,,,,AI in Service Interactions,318,,Universidade Federal de São Carlos,386,,letter,13,
,,,,,,Imbalanced Data Classification Techniques,306,,Universidade Federal Fluminense,376,,other,12,
,,,,,,Data Stream Mining Techniques,300,,Federal Government of Brazil,365,,report,5,
,,,,,,Privacy-Preserving Technologies in Data,289,,Universidade Federal do Ceará,359,,,,
,,,,,,Machine Learning and Data Classification,268,,Ministry of Education,308,,,,
,,,,,,Sentiment Analysis and Opinion Mining,253,,Universidade Federal do Paraná,293,,,,
,,,,,,Metaheuristic Optimization Algorithms Research,243,,"Ministry of Science, Technology and Innovation",286,,,,
,,,,,,Advanced Software Engineering Methodologies,233,,Universidade Federal do Rio Grande do Norte,277,,,,
,,,,,,Hate Speech and Cyberbullying Detection,225,,Centre National de la Recherche Scientifique,262,,,,
,,,,,,Evolutionary Algorithms and Applications,224,,Universidade Federal da Bahia,243,,,,
,,,,,,Explainable Artificial Intelligence (XAI),209,,Universidade do Estado do Rio de Janeiro,234,,,,
,,,,,,Multi-Agent Systems and Negotiation,198,,Universidade Federal de Uberlândia,217,,,,
,,,,,,Reinforcement Learning in Robotics,193,,Universidade Federal Rural de Pernambuco,199,,,,
,,,,,,Fuzzy Logic and Control Systems,181,,Universidade Federal do Pará,196,,,,
,,,,,,"Logic, Reasoning, and Knowledge",178,,Universidade Federal de Juiz de Fora,193,,,,
,,,,,,Artificial Intelligence in Games,154,,Universidade Federal do ABC,186,,,,
,,,,,,Advanced Text Analysis Techniques,152,,Universidade Federal de Goiás,180,,,,
,,,,,,Coding theory and cryptography,147,,Universidade Federal de Alagoas,175,,,,
,,,,,,Machine Learning in Healthcare,143,,Pontifícia Universidade Católica do Paraná,172,,,,
,,,,,,Internet Traffic Analysis and Secure E-voting,136,,Universidade Federal de Santa Maria,170,,,,
,,,,,,"Logic, programming, and type systems",134,,Pontifícia Universidade Católica do Rio Grande do Sul,163,,,,
,,,,,,Bayesian Methods and Mixture Models,126,,Universidade Federal do Espírito Santo,154,,,,
,,,,,,Speech Recognition and Synthesis,125,,Universidade Federal de São Paulo,153,,,,
,,,,,,Computational Physics and Python Applications,125,,Universidade Federal de Ouro Preto,148,,,,
,,,,,,Advanced Clustering Algorithms Research,124,,Universidade de Pernambuco,144,,,,
,,,,,,Intelligent Tutoring Systems and Adaptive Learning,119,,Universidade Federal do Piauí,130,,,,
,,,,,,Adversarial Robustness in Machine Learning,114,,Universidade Federal da Paraíba,128,,,,
,,,,,,Cognitive Science and Mapping,101,,Universidade do Vale do Rio dos Sinos,121,,,,
,,,,,,Cryptography and Data Security,98,,Universidade Federal do Amazonas,121,,,,
,,,,,,Advanced Graph Neural Networks,98,,Universidade Federal de Campina Grande,120,,,,
,,,,,,Domain Adaptation and Few-Shot Learning,98,,Universidade Estadual de Maringá,119,,,,
,,,,,,Text and Document Classification Technologies,98,,Instituto Tecnológico de Aeronáutica,118,,,,
,,,,,,Algorithms and Data Compression,92,,Brazilian Society of Computational and Applied Mathematics,116,,,,
,,,,,,Neural Networks and Reservoir Computing,87,,Petrobras (Brazil),112,,,,
,,,,,,Cryptographic Implementations and Security,80,,Universidade Federal do Maranhão,109,,,,
,,,,,,Security and Verification in Computing,79,,Universidade Federal de Pelotas,108,,,,
,,,,,,Bayesian Modeling and Causal Inference,76,,Federal University of São João del-Rei,102,,,,
,,,,,,Machine Learning and ELM,71,,Universidade Federal de Lavras,100,,,,
,,,,,,AI-based Problem Solving and Planning,69,,Consejo Superior de Investigaciones Científicas,99,,,,
,,,,,,Organizational and Employee Performance,66,,Universidade Federal do Pampa,99,,,,
,,,,,,Target Tracking and Data Fusion in Sensor Networks,64,,Universidade Federal de Viçosa,98,,,,
,,,,,,Data Analysis with R,63,,Universidade do Porto,98,,,,
,,,,,,"Law, AI, and Intellectual Property",61,,Universidad San Pedro,98,,,,
,,,,,,Seismology and Earthquake Studies,60,,Instituto Nacional de Pesquisas Espaciais,98,,,,
,,,,,,Text Readability and Simplification,59,,University of London,94,,,,
,,,,,,Speech and dialogue systems,57,,Universidade Federal do Rio Grande,94,,,,
,,,,,,Advanced Computational Techniques and Applications,56,,Institut national de recherche en sciences et technologies du numérique,94,,,,
,,,,,,Educational Robotics and Engineering,46,,Hospital de Clínicas da Unicamp,94,,,,
,,,,,,Machine Learning and Algorithms,44,,Universidade do Estado de Santa Catarina,92,,,,
,,,,,,Authorship Attribution and Profiling,43,,Institut des Sciences de l'Information et de leurs Interactions,92,,,,
,,,,,,Wireless Signal Modulation Classification,40,,Hospital Universitário da Universidade de São Paulo,89,,,,
,,,,,,Statistical and Computational Modeling,30,,Federal Center for Technological Education of Minas Gerais,85,,,,
,,,,,,Gaussian Processes and Bayesian Inference,24,,Universidade Federal do Estado do Rio de Janeiro,84,,,,
,,,,,,Stochastic Gradient Optimization Techniques,23,,Universidade Federal de Sergipe,83,,,,
,,,,,,Edcuational Technology Systems,15,,Serviço Geológico do Brasil - CPRM,83,,,,
,,,,,,Cognitive Computing and Networks,14,,Universidade Federal de Mato Grosso do Sul,82,,,,
,,,,,,Computer Science and Engineering,10,,Serviço Nacional de Aprendizagem Industrial,82,,,,
,,,,,,Artificial Intelligence Applications,10,,Federal Center for Technological Education Celso Suckow da Fonseca,81,,,,
,,,,,,Mathematical Control Systems and Analysis,9,,IBM (United States),79,,,,
,,,,,,Advanced Technologies in Various Fields,8,,Universidade Federal de Mato Grosso,76,,,,
,,,,,,Educational Technology and Pedagogy,7,,Instituto Federal do Espírito Santo,75,,,,
,,,,,,Intuitionistic Fuzzy Systems Applications,3,,Universidade Estadual do Ceará,73,,,,
,,,,,,"Psychiatry, Mental Health, Neuroscience",3,,Federal Institute of São Paulo,73,,,,
,,,,,,Experience-Based Knowledge Management,2,,Pontifícia Universidade Católica de Minas Gerais,73,,,,
,,,,,,AI and Multimedia in Education,1,,Institute for Systems Engineering and Computers,73,,,,
,,,,,,,,,"Instituto Federal de Educação, Ciência e Tecnologia do Ceará",72,,,,
,,,,,,,,,University of Coimbra,72,,,,
,,,,,,,,,IBM Research - Thomas J. Watson Research Center,68,,,,
,,,,,,,,,IBM Research - Brazil,65,,,,
,,,,,,,,,Universidade Presbiteriana Mackenzie,63,,,,
,,,,,,,,,Instituto de Geociencias,62,,,,
,,,,,,,,,Universidade do Estado do Amazonas,61,,,,
,,,,,,,,,Instituto Federal do Maranhão,61,,,,
,,,,,,,,,Faculdades Guarulhos,59,,,,
,,,,,,,,,Universidade de Fortaleza,58,,,,
,,,,,,,,,Instituto de Telecomunicações,58,,,,
,,,,,,,,,Johannes Kepler University of Linz,57,,,,
,,,,,,,,,Fundação Getulio Vargas,57,,,,
,,,,,,,,,Universidade Estadual de Londrina,56,,,,
,,,,,,,,,Universidade Estadual de Feira de Santana,56,,,,
,,,,,,,,,Polydoro Ernani de São Thiago University Hospital,56,,,,
,,,,,,,,,University of Rio Grande and Rio Grande Community College,56,,,,
,,,,,,,,,Centro de Estudos e Sistemas Avançados do Recife,54,,,,
,,,,,,,,,Universidade Estadual de Ponta Grossa,54,,,,
,,,,,,,,,Academy of Sciences of Moldova,53,,,,
,,,,,,,,,Military Institute of Engineering,53,,,,
,,,,,,,,,Institute of Mathematics and Computer Science,53,,,,
,,,,,,,,,Laboratório Nacional de Computação Científica,53,,,,
,,,,,,,,,University of Lisbon,52,,,,
,,,,,,,,,University of Minho,52,,,,
,,,,,,,,,Harvard University,50,,,,
,,,,,,,,,Universidade Federal Rural do Rio de Janeiro,49,,,,
,,,,,,,,,Universidade Estadual do Oeste do Paraná,47,,,,
,,,,,,,,,Instituto de Aeronáutica e Espaço,46,,,,
,,,,,,,,,Institut Polytechnique de Paris,46,,,,
,,,,,,,,,INESC TEC,46,,,,
,,,,,,,,,Université du Québec,46,,,,
,,,,,,,,,"Instituto Federal de Educação, Ciência e Tecnologia do Pará",44,,,,
,,,,,,,,,Universidade Federal de Itajubá,44,,,,
,,,,,,,,,Universidade de Ribeirão Preto,43,,,,
,,,,,,,,,University of Manchester,41,,,,
,,,,,,,,,University College London,41,,,,
,,,,,,,,,"Instituto Federal de Educação, Ciência e Tecnologia de Santa Catarina",41,,,,
,,,,,,,,,Sapienza University of Rome,41,,,,
,,,,,,,,,Université Paris-Saclay,40,,,,
,,,,,,,,,Fundação Oswaldo Cruz,40,,,,
,,,,,,,,,United States Department of Energy,39,,,,
,,,,,,,,,Centro Brasileiro de Pesquisas Físicas,39,,,,
,,,,,,,,,Université Grenoble Alpes,39,,,,
,,,,,,,,,University of Toronto,38,,,,
,,,,,,,,,Vale Technological Institute,38,,,,
,,,,,,,,,Conselho Nacional de Desenvolvimento Científico e Tecnológico,37,,,,
,,,,,,,,,United Food and Commercial Workers,37,,,,
,,,,,,,,,Instituto Federal de Educação Ciência e Tecnologia da Paraíba,37,,,,
,,,,,,,,,"Instituto Federal de Educação, Ciência e Tecnologia do Rio Grande do Sul",36,,,,
,,,,,,,,,Universidade Federal dos Vales do Jequitinhonha e Mucuri,36,,,,
,,,,,,,,,Hospital Ana Nery,36,,,,
,,,,,,,,,National Nuclear Energy Commission,36,,,,
,,,,,,,,,Stanford University,36,,,,
,,,,,,,,,"Instituto Federal de Educação, Ciência e Tecnologia de Minas Gerais",35,,,,
,,,,,,,,,Instituto Federal do Paraná,35,,,,
,,,,,,,,,Imperial College London,35,,,,
,,,,,,,,,Pontifícia Universidade Católica de São Paulo,35,,,,
,,,,,,,,,Polish Academy of Sciences,35,,,,
,,,,,,,,,Consejo Nacional de Investigaciones Científicas y Técnicas,34,,,,
,,,,,,,,,Université Paris Sciences et Lettres,34,,,,
,,,,,,,,,Universidade Federal do Cariri,34,,,,
,,,,,,,,,"Ministerio de Ciencia, Tecnología e Innovación",34,,,,
,,,,,,,,,Argentine-German Geodetic Observatory,34,,,,
,,,,,,,,,Monash University,34,,,,
,,,,,,,,,King's College London,33,,,,
,,,,,,,,,Sorbonne Université,33,,,,
,,,,,,,,,Universidade do Vale do Itajaí,33,,,,
,,,,,,,,,Institut polytechnique de Grenoble,32,,,,
,,,,,,,,,Institut Mines-Télécom,32,,,,
,,,,,,,,,National Research Council,32,,,,
,,,,,,,,,Universidade Federal Rural do Semi-Árido,32,,,,
,,,,,,,,,École de Technologie Supérieure,32,,,,
,,,,,,,,,Max Planck Society,31,,,,
,,,,,,,,,Istituto Nazionale di Fisica Nucleare,31,,,,
,,,,,,,,,"Instituto Federal de Educação, Ciência e Tecnologia de Pernambuco",31,,,,
,,,,,,,,,Universidade Estadual da Paraíba,30,,,,
,,,,,,,,,University of Bologna,30,,,,
,,,,,,,,,Universidade Federal do Oeste do Pará,29,,,,
,,,,,,,,,Universidade do Estado da Bahia,29,,,,
,,,,,,,,,University of Waterloo,29,,,,
,,,,,,,,,University of the Basque Country,29,,,,
,,,,,,,,,Chinese Academy of Sciences,29,,,,
,,,,,,,,,Universidade Federal de Alfenas,29,,,,
,,,,,,,,,Board of the Swiss Federal Institutes of Technology,29,,,,
,,,,,,,,,Instituto Federal Fluminense,29,,,,
,,,,,,,,,Instituto Federal Goiano,29,,,,
,,,,,,,,,"Instituto Federal de Educação, Ciência e Tecnologia de Alagoas",29,,,,
,,,,,,,,,University of Sheffield,29,,,,
,,,,,,,,,Instituto Federal do Rio Grande do Norte,28,,,,
,,,,,,,,,Fundação de Apoio à Universidade Federal de São Paulo,28,,,,
,,,,,,,,,Universidade Paulista,28,,,,
,,,,,,,,,Instituto do Sono,28,,,,
,,,,,,,,,Carnegie Mellon University,28,,,,
,,,,,,,,,The University of Texas at Austin,28,,,,
,,,,,,,,,University of Vienna,27,,,,
,,,,,,,,,University of Washington,27,,,,
,,,,,,,,,University of Cambridge,27,,,,
,,,,,,,,,Universidade Brasil,27,,,,
,,,,,,,,,São Paulo State Technological College,27,,,,
,,,,,,,,,UNSW Sydney,27,,,,
,,,,,,,,,"Institut National de Recherche pour l'Agriculture, l'Alimentation et l'Environnement",27,,,,
,,,,,,,,,Instituto Federal do Piauí,27,,,,
,,,,,,,,,Universidade Estadual do Maranhão,27,,,,
,,,,,,,,,New York University,27,,,,
,,,,,,,,,University of Tübingen,27,,,,
,,,,,,,,,Instituto Federal da Bahia,26,,,,
,,,,,,,,,Centro Universitário FEI,26,,,,
,,,,,,,,,École Polytechnique,26,,,,
,,,,,,,,,Vale (Brazil),26,,,,
,,,,,,,,,Free University of Bozen-Bolzano,26,,,,
,,,,,,,,,Aarhus University,26,,,,
,,,,,,,,,University of Oxford,26,,,,
,,,,,,,,,Universidade de Sorocaba,26,,,,
,,,,,,,,,Centro de Tecnologia da Informação Renato Archer,26,,,,
,,,,,,,,,Eindhoven University of Technology,26,,,,
,,,,,,,,,Russian Academy of Sciences,25,,,,
,,,,,,,,,Austrian Academy of Sciences,25,,,,
,,,,,,,,,Université de Montpellier,25,,,,
,,,,,,,,,Université Paris Cité,25,,,,
,,,,,,,,,Universidade Estadual do Paraná,25,,,,
,,,,,,,,,Technology Innovation Institute,25,,,,
,,,,,,,,,"Instituto Federal de Educação, Ciência e Tecnologia do Triângulo Mineiro",25,,,,
,,,,,,,,,Universidade Cidade de São Paulo,25,,,,
